"Variable / Field Name","Field Label","Choices, Calculations, OR Slider Labels"
"screening_1","Does you patient have a confirmed diagnosis of acute","1, Yes | 0, No"
"screening_2","Is the patient 16 years of age or older?","1, Yes | 0, No"
"screening_3","Is the patient due for discharge from an NHS secondary","1, Yes | 0, No"
"screening_4","Does the patient lack capacity to be consented?","0, Yes | 1, No"
"approached_yn","Was the patient approached about participating in","1, Yes | 0, No"
"consent_yn","Will the patient be consented to participate in","1, Yes | 0, No"
"consent_n","If the patient was approached but declined to take part","1, Yes | 0, No"
"screening_complete","","0, Incomplete | 1, Unverified | 2, Complete"
"cons2","I confirm that I have had the opportunity to ask any","1, Yes | 0, No"
"cons4","I understand and agree that my hospital research team","1, Yes | 0, No"
"cons6","I understand that my contact details are required to","1, Yes | 0, No"
"cons7","I understand that the information collected will be used","1, Yes | 0, No"
"cons9","I agree to be contacted, at the email address I have given, yesno, Required","1, Yes | 0, No"
"cons10","I understand that my GP will be told that I am taking part","1, Yes | 0, No"
"cons11","I understand that outcomes of my questionnaires will not yesno, Required","1, Yes | 0, No essage with            Custom alignment: RH act."
"cons12","I agree to take part in this study.","1, Yes | 0, No"
"cons_checked","#adm","1, Yes | 0, No"
"complete_pref","How would the participant like to complete their post-","1, Electronically via emailed link | 2, On paper"
"reminder_pref","How would the participant like to be reminded to","1, Email | 2, SMS - text message"
"address_4","County","1, Aberdeen City | 2, Aberdeenshire | 3, Anglesey | 4, Angus | 52, Leicestershire | 53, Lincolnshire | 54, Merionethshire | 55, Merseyside | 56, Midlothian | 57, Monmouthshire | 58, Montgomeryshire | 59, Moray | 60, Norfolk | 61, North Ayrshire | 62, North Lanarkshire | 63, North Yorkshire | 64, Northamptonshire | 65, Northumberland | 66, Nottinghamshire | 67, Orkney Islands | 68, Oxfordshire | 69, Pembrokeshire | 70, Perth and Kinross | 71, Radnorshire | 72, Renfrewshire | 73, Scottish Borders | 74, Shetland Islands | 75, Shropshire | 76, Somerset | 77, South Ayrshire | 78, South Lanarkshire | 79, South Yorkshire | 80, Staffordshire | 81, Stirling | 82, Suffolk | 83, Surrey | 84, Tyne and Wear | 85, Tyrone | 86, Warwickshire | 87, West Berkshire | 88, West Dunbartonshire | 89, West Lothian | 90, West Midlands | 91, West Sussex | 92, West Yorkshire | 93, Wiltshire | 94, Worcestershire"
"consent_complete","","0, Incomplete | 1, Unverified | 2, Complete"
"q1","How often do you have a drink containing alcohol?","0, Never | 1, Monthly or Less | 2, 2 to 4 times a month | 3, 2 to 3 times a week | 4, 4 or more times a week"
"q2","How many drinks containing alcohol do you have on a","0, 1 or 2 | 1, 3 or 4 | 2, 5 or 6 to 9"
"q3","How often have you had 6 or more units if","0, Never occasion in the last year? | 1, Less than monthly | 2, Monthly | 3, Weekly | 4, Daily or almost daily"
"audit_c_complete","","0, Incomplete | 1, Unverified | 2, Complete"
"sex","Sex","1, Female | 2, Male | 3, Not disclosed / not known"
"ethnicity","dropdown, Required","1, White | 2, Asian or Asian British | 3, Mixed | 4, Black or Black British | 16, Other | -99, Unknown"
"eth_white","dropdown, Required","1, English, Welsh, Scottish, Northern Irish or British | 2, Irish | 3, Gypsy or Irish Traveller | 4, Roma | 5, Any other White background"
"eth_asian","dropdown, Required","1, Indian | 2, Pakistani | 3, Bangladeshi | 4, Chinese | 5, Any other Asian background"
"eth_mixed","dropdown, Required","1, White and Black Caribbean | 2, White and Black African | 3, White and Asian | 4, Any other Mixed or multiple ethnic background"
"eth_black","dropdown, Required","1, Caribbean | 2, African | 3, Any other Black, Black British, or Caribbean background"
"prev_panc_yn","","1, Yes | 0, No"
"prev_panc_aetio","Aetiology of previous episode/s Please tick all that apply","1, prev_panc_aetio___1      Gallstones | 2, prev_panc_aetio___2      Alcohol | 3, prev_panc_aetio___3      Drug related | 4, prev_panc_aetio___4      Idiopathic | 5, prev_panc_aetio___5      Other | -99, prev_panc_aetio____99 Not known"
"prev_panc_drug","Please specify the drug:","1, Steroids | 2, Thiazide diuretics | 3, Azothioprine | 4, Valoret | 5, Carbamazepine | 0, Other"
"prev_psych_yn","","1, Yes | 0, No"
"prev_psych_y","Specify any previous diagnoses Please tick all that apply","1, prev_psych_y___1   Anxiety | 2, prev_psych_y___2   Depression | 4, prev_psych_y___4   Other | -99, prev_psych_y____99 Not known"
"comorb_diab","diabetes","0, No | 1, Diet controlled | 2, Uncomplicated | 3, End-organ damage"
"comorb_ckd","CKD","1, Yes | 0, No"
"comorb_liver","Chronic Liver disease","0, None | 1, Mild | 2, Moderate to severe"
"comorb_cancer","Cancer","1, Yes | 0, No"
"comorb_copd","COPD","1, Yes | 0, No om alignment: RH"
"comorb_cardio","Cardiovascular disease","1, Yes | 0, No"
"comorb_frailty","Frailty index","1, Very !t | 2, Fit | 3, Managing well | 4, Living with very mild frailty | 5, Living with mild faulty | 6, Living with moderate frailty | 7, Living with severe frailty | 8, Living with very severe frailty | 9, Terminally ill | 0, Unknown"
"comorb_smoke","Smoking","1, Never smoked or vaped | 2, Ex smoker/ vaper (> 6 weeks) | 3, Current or recently ceased (< 6 weeks) smoker/ vaper"
"comorb_etoh","History of excess alcohol use?","1, Yes | 0, No"
"demo_created_time","Created time","0, Incomplete | 1, Unverified | 2, Complete"
"index_admiss_from","Where was the patient admitted from","1, Community | 2, Other secondary care team at this hospital | 3, Transfer for tertiary care"
"index_team","Which team was primarily responsible for the patient's","1, General Medicine | 2, Gastroenterology | 3, General Surgery | 4, Upper GI Surgery | 5, Hepatobiliary Surgery | 6, Other | -99, Unknown"
"index_panc_aetio","Aetiology of this index episode","1, Gallstones | 2, Alcohol | 3, Drug related | 4, Idiopathic | 5, Other | -99, Unknown"
"prev_panc_drug_2","Please specify the drug:","1, Steroids | 2, Thiazide diuretics | 3, Azothioprine | 4, Valoret | 5, Carbamazepine | 0, Other"
"index_itu_yn","Was the patient admitted to ITU?","1, Yes | 0, No"
"index_naso","Nasoenteric feeding used?","1, Yes | 0, No"
"index_naso_type","Type of nasoenteric feeding","1, Nasogastric | 2, Nasojejunal | 0, Not known"
"index_pare","Parenteral nutrition used?","1, Yes | 0, No"
"index_chole","Was in-patient laparoscopic cholecystectomy performed?","1, Yes | 0, No"
"index_ercp","Was ERCP performed to treat pancreatitis whilst in-","1, Yes | 0, No"
"index_etoh","Was there inpatient alcohol support service input?","1, Yes | 0, No"
"comp_necrosis","Pancreatic necrosis","1, Yes | 0, No"
"comp_necrosis_y","Pancreatic necrosis","1, Sterile | 2, Infected"
"comp_necrosis_manage","Pancreatic necrosis - management","1, Conservatively | 2, Radiologically | 3, Surgically | -99, Unknown"
"comp_abscess","Pancreatic abscess","1, Yes | 0, No"
"comp_abscess_manage","Pancreatic abscess - management","1, Conservatively | 2, Radiologically | 3, Surgically | -99, Unknown"
"comp_pseudo","Pseudocyst formation","1, Yes | 0, No"
"comp_pseudo_manage","Pseudocyst - management","1, Conservatively | 2, Radiologically | 3, Surgically | -99, Unknown"
"comp_splein_thromb","Splenic vein thrombosis","1, Yes | 0, No"
"comp_other_thromb","Other venous thrombosis","1, Yes | 0, No"
"comp_fistula","Pancreatic !stula","1, Yes | 0, No"
"comp_pei","Pancreatic exocrine insufficiency","1, Yes | 0, No"
"comp_diabetes","Diabetes type 3c","1, Yes | 0, No"
"comp_anxiety","New onset anxiety","1, Yes | 0, No"
"comp_depress","New onset depression","1, Yes | 0, No"
"comp_other","Other pancreatitis related complication","1, Yes | 0, No"
"post_outpat_yn","Planned outpatient follow-up with hospital specialist?","1, Yes | 0, No | 2, Gastroenterology | 3, General Surgery | 4, Upper GI Surgery | 5, Hepatobiliary Surgery | -99, Unknown"
"post_outpat_yn_2","Is it known when this outpatient appointment was","1, Yes | 0, No"
"post_virtual","Was discharge to a virtual ward?","1, Yes | 0, No"
"post_amb","Was discharge to ambulatory care?","1, Yes | 0, No"
"post_chole","Was a laparoscopic cholecystectomy planned?","1, Yes | 0, No"
"post_chole_2","Is it known when this laparoscopic cholecystectomy was","1, Yes | 0, No"
"post_ercp","Was an ERCP planned?","1, Yes | 0, No"
"post_ercp_2","Is it known when this ERCP was scheduled for?","1, Yes | 0, No"
"post_other","Was any other follow-up planned?","1, Yes | 0, No"
"post_other_2","Is it known when this was scheduled for?","1, Yes | 0, No"
"post_pifu","Was there any patient-initiated follow-up (PIFU)?","1, Yes | 0, No"
"post_pifu_y","What route was the PIFU via?","1, Contact via emergency surgery team | 2, Contact via patient consultant outpatient | 3, Contact via UGI/ HPB surgeon outpatient | 4, Contact via specialist nurse outpatient | 0, Other"
"post_gp","Was a GP appointment recommended at discharge?","1, Yes | 0, No"
"post_gp_2","Is it known when this GP appointment was scheduled","1, Yes | 0, No"
"post_community","Was community or virtual follow-up planned?","1, Yes | 0, No"
"post_community_what","What form did this community of virtual follow-up take?","1, Telephone call | 2, Video call | 3, Home visit | 0, Other"
"post_community_2","Is it known when this community or virtual follow-up was","1, Yes | 0, No"
"post_meds","Were any new medications started for pancreatitis or","1, Yes | 0, No"
"post_meds_what","Please list the new medications","1, post_meds_what___1 LMWH | 2, post_meds_what___2 Creon | 3, post_meds_what___3 Insulin | 4, post_meds_what___4 Antiemetic | 5, post_meds_what___5 Other anticoagulants | 0, post_meds_what___0 Other"
"post_dietetic","Was a referral made for dietetic support?","1, Yes | 0, No"
"post_dietetic_2","Is it known when this dietetic support was scheduled for?","1, Yes | 0, No ustom alignment: RH"
"post_diabetic","Was a referral made for diabetic support?","1, Yes | 0, No"
"post_diabetic_2","Is it known when this diabetic support was scheduled","1, Yes | 0, No"
"post_psych","Was a referral made for psychological support?","1, Yes | 0, No"
"post_psych_2","Is it known when this referral for psychological support","1, Yes | 0, No"
"post_etoh","Was a referral made to alcohol or substance abuse","1, Yes | 0, No"
"post_etoh_2","Is it known when this referral to alcohol or substance","1, Yes | 0, No"
"index_created_time","Created time","0, Incomplete | 1, Unverified | 2, Complete Enabled as survey"
"gad1","","0, Not at all | 1, Several days | 2, Over half the days | 3, Nearly every day"
"gad2","2. Not being able to stop or control worrying","0, Not at all | 1, Several days | 2, Over half the days | 3, Nearly every day"
"gad3","3. Worrying too much about different things","0, Not at all | 1, Several days | 2, Over half the days | 3, Nearly every day"
"gad4","4. Having trouble relaxing","0, Not at all | 1, Several days | 2, Over half the days | 3, Nearly every day"
"gad5","5. Being so restless that it is hard to sit still","0, Not at all | 1, Several days | 2, Over half the days | 3, Nearly every day"
"gad6","6. Becoming easily annoyed or irritable","0, Not at all | 1, Several days | 2, Over half the days | 3, Nearly every day"
"gad7","7. Feeling afraid as if something awful might happen","0, Not at all | 1, Several days | 2, Over half the days | 3, Nearly every day"
"gad_difficult","If you checked o"" any problems, how difficult have these","0, Not difficult at all | 1, Somewhat difficult | 2, Very difficult | 3, Extremely difficult"
"littlint","","0, Not at all | 1, Several days | 2, More than half the days | 3, Nearly every day"
"dephop","2. Feeling down, depressed, or hopeless","0, Not at all | 1, Several days | 2, More than half the days | 3, Nearly every day"
"sleepy","3. Trouble falling or staying asleep, or sleeping too much","0, Not at all | 1, Several days | 2, More than half the days | 3, Nearly every day"
"triedenergy","4. Feeling tired or having little energy","0, Not at all | 1, Several days | 2, More than half the days | 3, Nearly every day"
"appover","5. Poor appetite or overeating","0, Not at all | 1, Several days | 2, More than half the days | 3, Nearly every day"
"failure","6. Feeling bad about yourself -- or that you are a failure","0, Not at all | 1, Several days | 2, More than half the days | 3, Nearly every day"
"trubconc","7. Trouble concentrating on things, such as reading the","0, Not at all | 1, Several days alf the days y day"
"slowly","8. Moving or speaking so slowly that other people could","0, Not at all | 1, Several days | 2, More than half the days | 3, Nearly every day"
"deaddying","9. Thoughts that you would be better o"" dead or of","0, Not at all | 1, Several days | 2, More than half the days | 3, Nearly every day"
"phq9_how_difficult","If you checked o"" any problems, how difficult have these","1, 1- Not difficult at all | 2, 2- Somewhat difficult | 3, 3- Very difficult | 4, 4- Extremely difficult"
"eq5d_mb_5l_uk_eng","MOBILITY","1, I have no problems in walking about | 2, I have slight problems in walking about | 3, I have moderate problems in walking about | 4, I have severe problems in walking about | 5, I am unable to walk about"
"eq5d_sc_5l_uk_eng","SELF-CARE","1, I have no problems washing or dressing myself | 2, I have slight problems washing or dressing myself | 3, I have moderate problems washing or dressing myself | 4, I have severe problems washing or dressing myself | 5, I am unable to wash or dress myself"
"eq5d_ua_5l_uk_eng","USUAL ACTIVITIES (e.g. work, study, housework, family or","1, I have no problems doing my usual activities | 2, I have slight problems doing my usual activities | 3, I have moderate problems doing my usual activities | 4, I have severe problems doing my usual activities | 5, I am unable to do my usual activities"
"eq5d_pd_5l_uk_eng","PAIN / DISCOMFORT","1, I have no pain or discomfort | 2, I have slight pain or discomfort | 3, I have moderate pain or discomfort | 4, I have severe pain or discomfort | 5, I have extreme pain or discomfort"
"eq5d_ad_5l_uk_eng","ANXIETY / DEPRESSION","1, I am not anxious or depressed | 2, I am slightly anxious or depressed | 3, I am moderately anxious or depressed | 4, I am severely anxious or depressed | 5, I am extremely anxious or depressed"
"eq5d5l_vas2_uk_eng","We would like to know how good or bad your health is","0, - The worst health you can imagine , | 100, - The best health you can imagine"
"spain","","1, No not at all | 2, Yes a little bit | 3, Yes some | 4, Yes quite a bit | 5, Yes a lot"
"tight","In the past 7 days, did you feel bloated (your stomach","1, No not at all | 2, Yes a little bit | 3, Yes some | 4, Yes quite a bit | 5, Yes a lot"
"nois","In the past 7 days, did your stomach make noises?","1, No not at all | 2, Yes a little bit | 3, Yes some | 4, Yes quite a bit | 5, Yes a lot"
"gas7","In the past 7 days, did you pass gas?","1, No not at all | 2, Yes a little bit | 3, Yes some | 4, Yes quite a bit | 5, Yes a lot"
"samllgas","In the past 7 days, when you passed gas did it smell very","1, No not at all | 2, Yes a little bit | 3, Yes some | 4, Yes quite a bit | 5, Yes a lot"
"nauseas","In the past 7 days, did you feel sick (but didn't actually","1, No not at all | 2, Yes a little bit | 3, Yes some | 4, Yes quite a bit | 5, Yes a lot"
"appetitedown","In the past 7 days, did you have a lack of appetite?","1, No not at all | 2, Yes a little bit | 3, Yes some | 4, Yes quite a bit | 5, Yes a lot"
"watpoo","","1, No not at all | 2, Yes a little bit | 3, Yes some | 4, Yes quite a bit | 5, Yes a lot"
"rushtoil","In the past 7 days, did you feel the need to rush to the","1, No not at all | 2, Yes a little bit | 3, Yes some | 4, Yes quite a bit | 5, Yes a lot"
"lightorangepoo","In the past 7 days, did your poo look lighter or orange in","1, No not at all | 2, Yes a little bit | 3, Yes some | 4, Yes quite a bit | 5, Yes a lot"
"poosmell","In the past 7 days, when you had a poo did it smell very","1, No not at all | 2, Yes a little bit | 3, Yes some | 4, Yes quite a bit | 5, Yes a lot"
"poofat","In the past 7 days, did you see or have fat or oil in your","1, No not at all | 2, Yes a little bit | 3, Yes some | 4, Yes quite a bit | 5, Yes a lot"
"urgencytoilet","In the past 7 days, did you feel you needed to be close to","1, No not at all | 2, Yes a little bit | 3, Yes some | 4, Yes quite a bit | 5, Yes a lot"
"fatfoodavoid","","1, No not at all | 2, Yes a little of the time | 3, Yes sometimes | 4, Yes most of the time | 5, Yes all of the time"
"concentrationpoor","In the past 7 days, did your enzyme problems affect your","1, No not at all | 2, Yes a little of the time | 3, Yes sometimes | 4, Yes most of the time | 5, Yes all of the time"
"embarrassedpoo","In the past 7 days, did you feel embarrassed going to the","1, No not at all | 2, Yes a little bit | 3, Yes moderately | 4, Yes quite a bit | 5, Yes extremely"
"ansiosenzyme","In the past 7 days, did you feel worried, anxious or","1, No not at all | 2, Yes a little bit | 3, Yes moderately | 4, Yes quite a bit | 5, Yes extremely"
"socialactivityimpact","In the past 7 days, did your enzyme problems affect your","1, No not at all | 2, Yes a little of the time | 3, Yes sometimes | 4, Yes most of the time | 5, Yes all of the time"
"wp4_7_30_proms_v","PANORAMA WP4 - Day of Discharge/ 7 day PROMS. v1.0","0, Incomplete | 1, Unverified | 2, Complete"
"gad1_7d","","0, Not at all | 1, Several days | 2, Over half the days | 3, Nearly every day"
"gad2_7d","2. Not being able to stop or control worrying","0, Not at all | 1, Several days | 2, Over half the days | 3, Nearly every day"
"gad3_7d","3. Worrying too much about different things","0, Not at all | 1, Several days | 2, Over half the days | 3, Nearly every day"
"gad4_7d","4. Having trouble relaxing","0, Not at all | 1, Several days | 2, Over half the days | 3, Nearly every day"
"gad5_7d","5. Being so restless that it is hard to sit still","0, Not at all | 1, Several days | 2, Over half the days | 3, Nearly every day"
"gad6_7d","6. Becoming easily annoyed or irritable","0, Not at all | 1, Several days | 2, Over half the days | 3, Nearly every day"
"gad7_7d","7. Feeling afraid as if something awful might happen","0, Not at all | 1, Several days | 2, Over half the days | 3, Nearly every day"
"gad_difficult_7d","If you checked o"" any problems, how difficult have these","0, Not difficult at all | 1, Somewhat difficult | 2, Very difficult | 3, Extremely difficult"
"littlint_7d","","0, Not at all | 1, Several days | 2, More than half the days | 3, Nearly every day"
"dephop_7d","2. Feeling down, depressed, or hopeless","0, Not at all | 1, Several days | 2, More than half the days | 3, Nearly every day"
"sleepy_7d","3. Trouble falling or staying asleep, or sleeping too much","0, Not at all | 1, Several days | 2, More than half the days | 3, Nearly every day"
"triedenergy_7d","4. Feeling tired or having little energy","0, Not at all | 1, Several days | 2, More than half the days | 3, Nearly every day"
"appover_7d","5. Poor appetite or overeating","0, Not at all | 1, Several days | 2, More than half the days very day"
"failure_7d","6. Feeling bad about yourself -- or that you are a failure","0, Not at all | 1, Several days | 2, More than half the days | 3, Nearly every day"
"trubconc_7d","7. Trouble concentrating on things, such as reading the","0, Not at all | 1, Several days | 2, More than half the days | 3, Nearly every day"
"slowly_7d","8. Moving or speaking so slowly that other people could","0, Not at all | 1, Several days | 2, More than half the days | 3, Nearly every day"
"deaddying_7d","9. Thoughts that you would be better o"" dead or of","0, Not at all | 1, Several days | 2, More than half the days | 3, Nearly every day"
"phq_calc_7d","#adm","1, 1- Not difficult at all | 2, 2- Somewhat difficult | 3, 3- Very difficult | 4, 4- Extremely difficult descriptive descriptive"
"eq5d_mb_5l_uk_eng_7d","MOBILITY","1, I have no problems in walking about | 2, I have slight problems in walking about | 3, I have moderate problems in walking about | 4, I have severe problems in walking about | 5, I am unable to walk about"
"eq5d_sc_5l_uk_eng_7d","SELF-CARE","1, I have no problems washing or dressing myself | 2, I have slight problems washing or dressing myself | 3, I have moderate problems washing or dressing myself | 4, I have severe problems washing or dressing myself | 5, I am unable to wash or dress myself"
"eq5d_ua_5l_uk_eng_7d","USUAL ACTIVITIES (e.g. work, study, housework, family or","1, I have no problems doing my usual activities | 2, I have slight problems doing my usual activities | 3, I have moderate problems doing my usual activities | 4, I have severe problems doing my usual activities | 5, I am unable to do my usual activities"
"eq5d_pd_5l_uk_eng_7d","PAIN / DISCOMFORT","1, I have no pain or discomfort | 2, I have slight pain or discomfort | 3, I have moderate pain or discomfort | 4, I have severe pain or discomfort | 5, I have extreme pain or discomfort"
"eq5d_ad_5l_uk_eng_7d","ANXIETY / DEPRESSION","1, I am not anxious or depressed | 2, I am slightly anxious or depressed | 3, I am moderately anxious or depressed | 4, I am severely anxious or depressed | 5, I am extremely anxious or depressed | 0, - The worst health you can imagine , | 100, - The best health you can imagine"
"spain_7d","","1, No not at all | 2, Yes a little bit | 3, Yes some | 4, Yes quite a bit | 5, Yes a lot"
"tight_7d","In the past 7 days, did you feel bloated (your stomach","1, No not at all | 2, Yes a little bit | 3, Yes some | 4, Yes quite a bit | 5, Yes a lot"
"nois_7d","In the past 7 days, did your stomach make noises?","1, No not at all | 2, Yes a little bit | 3, Yes some | 4, Yes quite a bit | 5, Yes a lot"
"gas7_7d","In the past 7 days, did you pass gas?","1, No not at all | 2, Yes a little bit | 3, Yes some | 4, Yes quite a bit | 5, Yes a lot"
"samllgas_7d","In the past 7 days, when you passed gas did it smell very","1, No not at all | 2, Yes a little bit | 3, Yes some | 4, Yes quite a bit | 5, Yes a lot"
"nauseas_7d","In the past 7 days, did you feel sick (but didn't actually","1, No not at all | 2, Yes a little bit | 3, Yes some | 4, Yes quite a bit | 5, Yes a lot"
"appetitedown_7d","In the past 7 days, did you have a lack of appetite?","1, No not at all | 2, Yes a little bit | 3, Yes some | 4, Yes quite a bit | 5, Yes a lot"
"watpoo_7d","","1, No not at all | 2, Yes a little bit | 3, Yes some | 4, Yes quite a bit | 5, Yes a lot"
"rushtoil_7d","In the past 7 days, did you feel the need to rush to the","1, No not at all | 2, Yes a little bit | 3, Yes some | 4, Yes quite a bit | 5, Yes a lot"
"lightorangepoo_7d","In the past 7 days, did your poo look lighter or orange in","1, No not at all | 2, Yes a little bit | 3, Yes some | 4, Yes quite a bit | 5, Yes a lot"
"poosmell_7d","In the past 7 days, when you had a poo did it smell very","1, No not at all | 2, Yes a little bit | 3, Yes some | 4, Yes quite a bit | 5, Yes a lot"
"poofat_7d","In the past 7 days, did you see or have fat or oil in your","1, No not at all | 2, Yes a little bit | 3, Yes some | 4, Yes quite a bit | 5, Yes a lot"
"urgencytoilet_7d","In the past 7 days, did you feel you needed to be close to","1, No not at all | 2, Yes a little bit | 3, Yes some | 4, Yes quite a bit | 5, Yes a lot"
"fatfoodavoid_7d","","1, No not at all | 2, Yes a little of the time | 3, Yes sometimes | 4, Yes most of the time | 5, Yes all of the time"
"concentrationpoor_7d","In the past 7 days, did your enzyme problems affect your","1, No not at all | 2, Yes a little of the time | 3, Yes sometimes | 4, Yes most of the time | 5, Yes all of the time"
"embarrassedpoo_7d","In the past 7 days, did you feel embarrassed going to the","1, No not at all | 2, Yes a little bit | 3, Yes moderately | 4, Yes quite a bit | 5, Yes extremely"
"ansiosenzyme_7d","In the past 7 days, did you feel worried, anxious or","1, No not at all | 2, Yes a little bit | 3, Yes moderately | 4, Yes quite a bit | 5, Yes extremely radio (Matrix)"
"day7_proms_complete","","0, Incomplete | 1, Unverified | 2, Complete"
"gad1_30","","0, Not at all | 1, Several days | 2, Over half the days | 3, Nearly every day"
"gad2_30","2. Not being able to stop or control worrying","0, Not at all | 1, Several days | 2, Over half the days | 3, Nearly every day"
"gad3_30","3. Worrying too much about different things","0, Not at all | 1, Several days | 2, Over half the days | 3, Nearly every day"
"gad4_30","4. Having trouble relaxing","0, Not at all | 1, Several days | 2, Over half the days | 3, Nearly every day"
"gad5_30","5. Being so restless that it is hard to sit still","0, Not at all | 1, Several days | 2, Over half the days | 3, Nearly every day"
"gad6_30","6. Becoming easily annoyed or irritable","0, Not at all | 1, Several days | 2, Over half the days | 3, Nearly every day"
"gad7_30","7. Feeling afraid as if something awful might happen","0, Not at all | 1, Several days | 2, Over half the days | 3, Nearly every day"
"gad_difficult_30","If you checked o"" any problems, how difficult have these","0, Not difficult at all | 1, Somewhat difficult | 2, Very difficult | 3, Extremely difficult"
"littlint_30","","0, Not at all | 1, Several days | 2, More than half the days | 3, Nearly every day"
"dephop_30","2. Feeling down, depressed, or hopeless","0, Not at all | 1, Several days | 2, More than half the days | 3, Nearly every day"
"sleepy_30","3. Trouble falling or staying asleep, or sleeping too much","0, Not at all | 1, Several days | 2, More than half the days ly every day"
"triedenergy_30","4. Feeling tired or having little energy","0, Not at all | 1, Several days | 2, More than half the days | 3, Nearly every day"
"appover_30","5. Poor appetite or overeating","0, Not at all | 1, Several days | 2, More than half the days | 3, Nearly every day"
"failure_30","6. Feeling bad about yourself -- or that you are a failure","0, Not at all | 1, Several days | 2, More than half the days | 3, Nearly every day"
"trubconc_30","7. Trouble concentrating on things, such as reading the","0, Not at all | 1, Several days | 2, More than half the days | 3, Nearly every day"
"slowly_30","8. Moving or speaking so slowly that other people could","0, Not at all | 1, Several days | 2, More than half the days | 3, Nearly every day"
"deaddying_30","9. Thoughts that you would be better o"" dead or of","0, Not at all | 1, Several days | 2, More than half the days | 3, Nearly every day"
"phq_calc_30","#adm","1, 1- Not difficult at all | 2, 2- Somewhat difficult | 3, 3- Very difficult | 4, 4- Extremely difficult"
"func_1m_136","","1, Yes | 0, No"
"mo_opd_136","Have you attended an outpatient (clinic) appointment","1, Yes | 0, No"
"mo_ed_136","Have you visited Accident & Emergency (A&E) in the last","1, Yes | 0, No"
"admit_mo_136","Have you been admitted to hospital overnight in the last","1, Yes | 0, No"
"blood_yn_mo_136","blood tests","1, Yes | 0, No"
"uss_yn_mo_136","USS","1, Yes | 0, No"
"endo_yn_mo_136","endoscopy","1, Yes | 0, No"
"ct_yn_mo_136","CT scan","1, Yes | 0, No"
"mri_yn_mo_136","MRI scan","1, Yes | 0, No"
"medication_yn_mo_136","Have you taken any medications for your pancreatitis in","1, Yes | 0, No"
"eq5d_mb_5l_uk_eng_30","MOBILITY","1, I have no problems in walking about | 2, I have slight problems in walking about | 3, I have moderate problems in walking about | 4, I have severe problems in walking about | 5, I am unable to walk about"
"eq5d_sc_5l_uk_eng_30","SELF-CARE","1, I have no problems washing or dressing myself | 2, I have slight problems washing or dressing myself | 3, I have moderate problems washing or dressing myself | 4, I have severe problems washing or dressing myself | 5, I am unable to wash or dress myself"
"eq5d_ua_5l_uk_eng_30","USUAL ACTIVITIES (e.g. work, study, housework, family or","1, I have no problems doing my usual activities | 2, I have slight problems doing my usual activities | 3, I have moderate problems doing my usual activities | 4, I have severe problems doing my usual activities | 5, I am unable to do my usual activities"
"eq5d_pd_5l_uk_eng_30","PAIN / DISCOMFORT","1, I have no pain or discomfort | 2, I have slight pain or discomfort | 3, I have moderate pain or discomfort | 4, I have severe pain or discomfort | 5, I have extreme pain or discomfort"
"eq5d_ad_5l_uk_eng_30","ANXIETY / DEPRESSION","1, I am not anxious or depressed | 2, I am slightly anxious or depressed | 3, I am moderately anxious or depressed | 4, I am severely anxious or depressed | 5, I am extremely anxious or depressed | 0, - The worst health you can imagine , | 100, - The best health you can imagine"
"spain_30","","1, No not at all | 2, Yes a little bit | 3, Yes some | 4, Yes quite a bit | 5, Yes a lot"
"tight_30","In the past 7 days, did you feel bloated (your stomach","1, No not at all | 2, Yes a little bit | 3, Yes some | 4, Yes quite a bit | 5, Yes a lot"
"nois_30","In the past 7 days, did your stomach make noises?","1, No not at all | 2, Yes a little bit | 3, Yes some | 4, Yes quite a bit | 5, Yes a lot"
"gas7_30","In the past 7 days, did you pass gas?","1, No not at all | 2, Yes a little bit | 3, Yes some | 4, Yes quite a bit | 5, Yes a lot"
"samllgas_30","In the past 7 days, when you passed gas did it smell very","1, No not at all | 2, Yes a little bit | 3, Yes some | 4, Yes quite a bit | 5, Yes a lot"
"nauseas_30","In the past 7 days, did you feel sick (but didn't actually","1, No not at all | 2, Yes a little bit | 3, Yes some | 4, Yes quite a bit | 5, Yes a lot"
"appetitedown_30","In the past 7 days, did you have a lack of appetite?","1, No not at all | 2, Yes a little bit | 3, Yes some | 4, Yes quite a bit | 5, Yes a lot"
"watpoo_30","","1, No not at all | 2, Yes a little bit | 3, Yes some | 4, Yes quite a bit | 5, Yes a lot"
"rushtoil_30","In the past 7 days, did you feel the need to rush to the","1, No not at all | 2, Yes a little bit | 3, Yes some | 4, Yes quite a bit | 5, Yes a lot"
"lightorangepoo_30","In the past 7 days, did your poo look lighter or orange in","1, No not at all | 2, Yes a little bit | 3, Yes some | 4, Yes quite a bit | 5, Yes a lot"
"poosmell_30","In the past 7 days, when you had a poo did it smell very","1, No not at all | 2, Yes a little bit | 3, Yes some | 4, Yes quite a bit | 5, Yes a lot"
"poofat_30","In the past 7 days, did you see or have fat or oil in your","1, No not at all | 2, Yes a little bit | 3, Yes some | 4, Yes quite a bit | 5, Yes a lot"
"urgencytoilet_30","In the past 7 days, did you feel you needed to be close to","1, No not at all | 2, Yes a little bit | 3, Yes some | 4, Yes quite a bit | 5, Yes a lot"
"fatfoodavoid_30","","1, No not at all | 2, Yes a little of the time | 3, Yes sometimes | 4, Yes most of the time | 5, Yes all of the time"
"concentrationpoor_30","In the past 7 days, did your enzyme problems affect your","1, No not at all | 2, Yes a little of the time | 3, Yes sometimes | 4, Yes most of the time | 5, Yes all of the time"
"embarrassedpoo_30","In the past 7 days, did you feel embarrassed going to the","1, No not at all | 2, Yes a little bit | 3, Yes moderately | 4, Yes quite a bit | 5, Yes extremely"
"ansiosenzyme_30","In the past 7 days, did you feel worried, anxious or","1, No not at all | 2, Yes a little bit | 3, Yes moderately | 4, Yes quite a bit | 5, Yes extremely radio (Matrix)"
"month_proms_complete","","0, Incomplete | 1, Unverified | 2, Complete"
"withdraw_who","","1, Site lead withdrawal of patient for clinical reasons | 2, Patient's wish"
"withdraw_pt_ask_yn","Was the participant approached about their reason for","1, Yes | 0, No"
"withdraw_pt_fu_yn","Is the patient willing for their status to be followed up","1, Yes | 0, No"
"withdraw_level","Updated level of participation:","1, No study intervention | 2, No study-related follow-up | 3, No further data collection"
"created_tm","Created time","0, Incomplete | 1, Unverified | 2, Complete"
"exclude_why","On what basis should this record be excluded?","1, Patient ineligible | 2, Duplicate record | 3, Does not meet data completion threshold | 4, Unresolved errors with potential to impact on project outcomes / objectives"
"ineligible_patient","How was the ineligibility of the patient established?","1, Informed by site | 2, Responses to questions make the patient ineligible | 3, Responses to queries in the DRW make the patient ineligible"
"ineligible_patient_2","What makes the patient ineligible?","1, Did not meet eligibility criteria | 2, Outside audit period | 3, Other"
"ineligible_patient_3","What other reason makes the patient ineligible?","1, Email | 2, Telephone | 3, DRW text (date_dmy) dropdown ?     text (date_dmy)"
"incomp_why","What is the reason for the incompleteness of this record?","1, Site non-responsive | 2, Patient lost to follow-up | 3, Site unable to locate the link sheet | 4, None of the project team remain at site | 5, Other"
"paid_when","In which quarterly invoice was payment made?","1, 1st Quarter (Nov 26) | 2, 2nd Quarter (Feb 27) | 3, 3rd Quarter (May-27) | 4, 4th Quarter (Aug 27) | 0, Other"
"admin_complete","","0, Incomplete | 1, Unverified | 2, Complete"
"s_substudy","Is the site participating in the sub-study?","1, Yes | 0, No"
"site_complete","","0, Incomplete | 1, Unverified | 2, Complete"
"i_queries","Queries?","1, Yes | 0, No"
"i_type","Investigator type","1, Site | 2, Central | 3, BiCOPS TM Sta"""
"i_pi","Principal Investigator?","1, Yes | 0, No"
"i_central_sae_review","","1, Yes | 0, No"
"i_bctu_enter","Will BCTU TM Sta"" member enter (transcribe) data?","1, Yes | 0, No"
"i_bctu_crf","Will BCTU TM Sta"" member complete CRFs?","1, Yes | 0, No"
"i_bctu_sae","Will BCTU TM Sta"" member process SAEs?","1, Yes | 0, No"
"i_onlog","Is the investigator listed on the delegation log?","1, Yes | 0, No"
"i_inv_signature","Has the investigator signed their delegation log entry?","1, Yes | 0, No"
"i_pi_initials","Has the PI initialled the investigator's delegation log","1, Yes | 0, No"
"i_task_1","Task 1 e.g. Obtain consent","1, Yes | 0, No"
"i_task_2","Task 2 e.g. eligibility confirmation","1, Yes | 0, No"
"i_task_3","Task 3 e.g. randomisation","1, Yes | 0, No"
"i_task_4","Task 4 e.g. CRF completion","1, Yes | 0, No"
"i_role","Trial Role","1, Consultant | 2, Trainee | 3, Research Nurse | 4, Data Manager | 5, Site R&D Admin | 6, Site R&D Admin (non-delivery) | 7, Lab sta"" | 99, Other"
"i_cv_rec","","1, Yes | 0, No | 2, N/A"
"i_cv_signed","CV signed?","1, Yes | 0, No"
"i_gcp_rec","GCP received?","1, Yes | 0, No | 2, N/A"
"i_train_rec","","1, Yes | 0, No | 2, N/A"
"i_train_del","Training delivery","1, Site Initiation by CTU | 2, Additional training session by CTU | 3, PI or delegate | 4, Self-learning using Site Initiation slides and protocol | 99, Other"
"i_created_by_name","Created by name","0, Incomplete | 1, Unverified | 2, Complete"
